title,field_link|title,field_link|uri,,field_reference|target_id,body|value,body|format,field_country,body|summary,field_boolean,field_email,field_address|country_code
Content from CSV 1,Here goes link title 1,http://example.com,,1,<strong>body value 1</strong>,full_html,GE,summury 1,1,example@gmail.com,GE
Content from CSV 2,here goes link title 2,http://example.com,,2,<strong>body value 1</strong>,full_html,GE,summury 2,1,example@gmail.com,GE
Content from CSV 3,here goes link title 3,http://example.com,,3,<strong>body value 1</strong>,full_html,GE,summury 2,1,example@gmail.com,GE
Content from CSV 4,Here goes link title 4,http://example.com,,4,<strong>body value 1</strong>,full_html,GE,summury 1,1,example@gmail.com,GE
Content from CSV 5,Here goes link title 5,http://example.com,,5,<strong>body value 1</strong>,full_html,GE,summury 2,1,example@gmail.com,GE
Content from CSV 6,Here goes link title 6,http://example.com,,6,<strong>body value 1</strong>,full_html,GE,summury 2,1,example@gmail.com,GE
Content from CSV 7,Here goes link title 7,http://example.com,,7,<strong>body value 1</strong>,full_html,GE,summury 1,1,example@gmail.com,GE
Content from CSV 8,Here goes link title 8,http://example.com,,8,<strong>body value 1</strong>,full_html,GE,summury 2,1,example@gmail.com,GE
Content from CSV 9,Here goes link title 9,http://example.com,,9,<strong>body value 1</strong>,full_html,GE,summury 2,1,example@gmail.com,GE
Content from CSV 10,Here goes link title 10,http://example.com,,10,<strong>body value 1</strong>,full_html,GE,summury 1,1,example@gmail.com,GE
Content from CSV 11,Here goes link title 11,http://example.com,,11,<strong>body value 1</strong>,full_html,GE,summury 2,1,example@gmail.com,GE
Content from CSV 12,Here goes link title 12,http://example.com,,12,<strong>body value 1</strong>,full_html,GE,summury 2,1,example@gmail.com,GE
Content from CSV 13,Here goes link title 13,http://example.com,,13,<strong>body value 1</strong>,full_html,GE,summury 1,1,example@gmail.com,GE
Content from CSV 14,Here goes link title 14,http://example.com,,14,<strong>body value 1</strong>,full_html,GE,summury 2,1,example@gmail.com,GE
Content from CSV 15,Here goes link title 15,http://example.com,,15,<strong>body value 1</strong>,full_html,GE,summury 2,1,example@gmail.com,GE
Content from CSV 16,Here goes link title 16,http://example.com,,16,<strong>body value 1</strong>,full_html,GE,summury 1,1,example@gmail.com,GE
Content from CSV 17,Here goes link title 17,http://example.com,,17,<strong>body value 1</strong>,full_html,GE,summury 2,1,example@gmail.com,GE
Content from CSV 18,Here goes link title 18,http://example.com,,18,<strong>body value 1</strong>,full_html,GE,summury 2,1,example@gmail.com,GE
Content from CSV 19,Here goes link title 19,http://example.com,,19,<strong>body value 1</strong>,full_html,GE,summury 1,1,example@gmail.com,GE
Content from CSV 20,Here goes link title 20,http://example.com,,20,<strong>body value 1</strong>,full_html,GE,summury 2,1,example@gmail.com,GE
Content from CSV 21,Here goes link title 21,http://example.com,,21,<strong>body value 1</strong>,full_html,GE,summury 2,1,example@gmail.com,GE
Content from CSV 22,Here goes link title 22,http://example.com,,22,<strong>body value 1</strong>,full_html,GE,summury 1,1,example@gmail.com,GE
Content from CSV 23,Here goes link title 23,http://example.com,,23,<strong>body value 1</strong>,full_html,GE,summury 2,1,example@gmail.com,GE
Content from CSV 24,Here goes link title 24,http://example.com,,24,<strong>body value 1</strong>,full_html,GE,summury 2,1,example@gmail.com,GE
Content from CSV 25,Here goes link title 25,http://example.com,,25,<strong>body value 1</strong>,full_html,GE,summury 1,1,example@gmail.com,GE
Content from CSV 26,Here goes link title 26,http://example.com,,26,<strong>body value 1</strong>,full_html,GE,summury 2,1,example@gmail.com,GE
Content from CSV 27,Here goes link title 27,http://example.com,,27,<strong>body value 1</strong>,full_html,GE,summury 2,1,example@gmail.com,GE
Content from CSV 28,Here goes link title 28,http://example.com,,28,<strong>body value 1</strong>,full_html,GE,summury 1,1,example@gmail.com,GE
Content from CSV 29,Here goes link title 29,http://example.com,,29,<strong>body value 1</strong>,full_html,GE,summury 2,1,example@gmail.com,GE
Content from CSV 30,Here goes link title 30,http://example.com,,30,<strong>body value 1</strong>,full_html,GE,summury 2,1,example@gmail.com,GE
Content from CSV 31,Here goes link title 31,http://example.com,,31,<strong>body value 1</strong>,full_html,GE,summury 1,1,example@gmail.com,GE
Content from CSV 32,Here goes link title 32,http://example.com,,32,<strong>body value 1</strong>,full_html,GE,summury 2,1,example@gmail.com,GE
Content from CSV 33,Here goes link title 33,http://example.com,,33,<strong>body value 1</strong>,full_html,GE,summury 2,1,example@gmail.com,GE
Content from CSV 34,Here goes link title 34,http://example.com,,34,<strong>body value 1</strong>,full_html,GE,summury 1,1,example@gmail.com,GE
Content from CSV 35,Here goes link title 35,http://example.com,,35,<strong>body value 1</strong>,full_html,GE,summury 2,1,example@gmail.com,GE
Content from CSV 36,Here goes link title 36,http://example.com,,36,<strong>body value 1</strong>,full_html,GE,summury 2,1,example@gmail.com,GE
Content from CSV 37,Here goes link title 37,http://example.com,,37,<strong>body value 1</strong>,full_html,GE,summury 1,1,example@gmail.com,GE
Content from CSV 38,Here goes link title 38,http://example.com,,38,<strong>body value 1</strong>,full_html,GE,summury 2,1,example@gmail.com,GE
Content from CSV 39,Here goes link title 39,http://example.com,,39,<strong>body value 1</strong>,full_html,GE,summury 2,1,example@gmail.com,GE
Content from CSV 40,Here goes link title 40,http://example.com,,40,<strong>body value 1</strong>,full_html,GE,summury 1,1,example@gmail.com,GE
Content from CSV 41,Here goes link title 41,http://example.com,,41,<strong>body value 1</strong>,full_html,GE,summury 2,1,example@gmail.com,GE
Content from CSV 42,Here goes link title 42,http://example.com,,42,<strong>body value 1</strong>,full_html,GE,summury 2,1,example@gmail.com,GE
Content from CSV 43,Here goes link title 43,http://example.com,,43,<strong>body value 1</strong>,full_html,GE,summury 1,1,example@gmail.com,GE
Content from CSV 44,Here goes link title 44,http://example.com,,44,<strong>body value 1</strong>,full_html,GE,summury 2,1,example@gmail.com,GE
Content from CSV 45,Here goes link title 45,http://example.com,,45,<strong>body value 1</strong>,full_html,GE,summury 2,1,example@gmail.com,GE
Content from CSV 46,Here goes link title 46,http://example.com,,46,<strong>body value 1</strong>,full_html,GE,summury 1,1,example@gmail.com,GE
Content from CSV 47,Here goes link title 47,http://example.com,,47,<strong>body value 1</strong>,full_html,GE,summury 2,1,example@gmail.com,GE
Content from CSV 48,Here goes link title 48,http://example.com,,48,<strong>body value 1</strong>,full_html,GE,summury 2,1,example@gmail.com,GE
Content from CSV 49,Here goes link title 49,http://example.com,,49,<strong>body value 1</strong>,full_html,GE,summury 1,1,example@gmail.com,GE
Content from CSV 50,Here goes link title 50,http://example.com,,50,<strong>body value 1</strong>,full_html,GE,summury 2,1,example@gmail.com,GE
Content from CSV 51,Here goes link title 51,http://example.com,,51,<strong>body value 1</strong>,full_html,GE,summury 2,1,example@gmail.com,GE
Content from CSV 52,Here goes link title 52,http://example.com,,52,<strong>body value 1</strong>,full_html,GE,summury 1,1,example@gmail.com,GE
Content from CSV 53,Here goes link title 53,http://example.com,,53,<strong>body value 1</strong>,full_html,GE,summury 2,1,example@gmail.com,GE
Content from CSV 54,Here goes link title 54,http://example.com,,54,<strong>body value 1</strong>,full_html,GE,summury 2,1,example@gmail.com,GE
Content from CSV 55,Here goes link title 55,http://example.com,,55,<strong>body value 1</strong>,full_html,GE,summury 1,1,example@gmail.com,GE
Content from CSV 56,Here goes link title 56,http://example.com,,56,<strong>body value 1</strong>,full_html,GE,summury 2,1,example@gmail.com,GE
Content from CSV 57,Here goes link title 57,http://example.com,,57,<strong>body value 1</strong>,full_html,GE,summury 2,1,example@gmail.com,GE
Content from CSV 58,Here goes link title 58,http://example.com,,58,<strong>body value 1</strong>,full_html,GE,summury 1,1,example@gmail.com,GE
Content from CSV 59,Here goes link title 59,http://example.com,,59,<strong>body value 1</strong>,full_html,GE,summury 2,1,example@gmail.com,GE
Content from CSV 60,Here goes link title 60,http://example.com,,60,<strong>body value 1</strong>,full_html,GE,summury 2,1,example@gmail.com,GE
Content from CSV 61,Here goes link title 61,http://example.com,,61,<strong>body value 1</strong>,full_html,GE,summury 1,1,example@gmail.com,GE
Content from CSV 62,Here goes link title 62,http://example.com,,62,<strong>body value 1</strong>,full_html,GE,summury 2,1,example@gmail.com,GE
Content from CSV 63,Here goes link title 63,http://example.com,,63,<strong>body value 1</strong>,full_html,GE,summury 2,1,example@gmail.com,GE
Content from CSV 64,Here goes link title 64,http://example.com,,64,<strong>body value 1</strong>,full_html,GE,summury 1,1,example@gmail.com,GE
Content from CSV 65,Here goes link title 65,http://example.com,,65,<strong>body value 1</strong>,full_html,GE,summury 2,1,example@gmail.com,GE
Content from CSV 66,Here goes link title 66,http://example.com,,66,<strong>body value 1</strong>,full_html,GE,summury 2,1,example@gmail.com,GE
Content from CSV 67,Here goes link title 67,http://example.com,,67,<strong>body value 1</strong>,full_html,GE,summury 1,1,example@gmail.com,GE
Content from CSV 68,Here goes link title 68,http://example.com,,68,<strong>body value 1</strong>,full_html,GE,summury 2,1,example@gmail.com,GE
Content from CSV 69,Here goes link title 69,http://example.com,,69,<strong>body value 1</strong>,full_html,GE,summury 2,1,example@gmail.com,GE
Content from CSV 70,Here goes link title 70,http://example.com,,70,<strong>body value 1</strong>,full_html,GE,summury 1,1,example@gmail.com,GE
Content from CSV 71,Here goes link title 71,http://example.com,,71,<strong>body value 1</strong>,full_html,GE,summury 2,1,example@gmail.com,GE
Content from CSV 72,Here goes link title 72,http://example.com,,72,<strong>body value 1</strong>,full_html,GE,summury 2,1,example@gmail.com,GE
Content from CSV 73,Here goes link title 73,http://example.com,,73,<strong>body value 1</strong>,full_html,GE,summury 1,1,example@gmail.com,GE
Content from CSV 74,Here goes link title 74,http://example.com,,74,<strong>body value 1</strong>,full_html,GE,summury 2,1,example@gmail.com,GE
Content from CSV 75,Here goes link title 75,http://example.com,,75,<strong>body value 1</strong>,full_html,GE,summury 2,1,example@gmail.com,GE
Content from CSV 76,Here goes link title 76,http://example.com,,76,<strong>body value 1</strong>,full_html,GE,summury 1,1,example@gmail.com,GE
Content from CSV 77,Here goes link title 77,http://example.com,,77,<strong>body value 1</strong>,full_html,GE,summury 2,1,example@gmail.com,GE
Content from CSV 78,Here goes link title 78,http://example.com,,78,<strong>body value 1</strong>,full_html,GE,summury 2,1,example@gmail.com,GE
Content from CSV 79,Here goes link title 79,http://example.com,,79,<strong>body value 1</strong>,full_html,GE,summury 1,1,example@gmail.com,GE
Content from CSV 80,Here goes link title 80,http://example.com,,80,<strong>body value 1</strong>,full_html,GE,summury 2,1,example@gmail.com,GE
Content from CSV 81,Here goes link title 81,http://example.com,,81,<strong>body value 1</strong>,full_html,GE,summury 2,1,example@gmail.com,GE
Content from CSV 82,Here goes link title 82,http://example.com,,82,<strong>body value 1</strong>,full_html,GE,summury 1,1,example@gmail.com,GE
Content from CSV 83,Here goes link title 83,http://example.com,,83,<strong>body value 1</strong>,full_html,GE,summury 2,1,example@gmail.com,GE
Content from CSV 84,Here goes link title 84,http://example.com,,84,<strong>body value 1</strong>,full_html,GE,summury 2,1,example@gmail.com,GE
Content from CSV 85,Here goes link title 85,http://example.com,,85,<strong>body value 1</strong>,full_html,GE,summury 1,1,example@gmail.com,GE
Content from CSV 86,Here goes link title 86,http://example.com,,86,<strong>body value 1</strong>,full_html,GE,summury 2,1,example@gmail.com,GE
Content from CSV 87,Here goes link title 87,http://example.com,,87,<strong>body value 1</strong>,full_html,GE,summury 2,1,example@gmail.com,GE
Content from CSV 88,Here goes link title 88,http://example.com,,88,<strong>body value 1</strong>,full_html,GE,summury 1,1,example@gmail.com,GE
Content from CSV 89,Here goes link title 89,http://example.com,,89,<strong>body value 1</strong>,full_html,GE,summury 2,1,example@gmail.com,GE
Content from CSV 90,Here goes link title 90,http://example.com,,90,<strong>body value 1</strong>,full_html,GE,summury 2,1,example@gmail.com,GE
Content from CSV 91,Here goes link title 91,http://example.com,,91,<strong>body value 1</strong>,full_html,GE,summury 1,1,example@gmail.com,GE
Content from CSV 92,Here goes link title 92,http://example.com,,92,<strong>body value 1</strong>,full_html,GE,summury 2,1,example@gmail.com,GE
Content from CSV 93,Here goes link title 93,http://example.com,,93,<strong>body value 1</strong>,full_html,GE,summury 2,1,example@gmail.com,GE
Content from CSV 94,Here goes link title 94,http://example.com,,94,<strong>body value 1</strong>,full_html,GE,summury 1,1,example@gmail.com,GE
Content from CSV 95,Here goes link title 95,http://example.com,,95,<strong>body value 1</strong>,full_html,GE,summury 2,1,example@gmail.com,GE
Content from CSV 96,Here goes link title 96,http://example.com,,96,<strong>body value 1</strong>,full_html,GE,summury 2,1,example@gmail.com,GE
Content from CSV 97,Here goes link title 97,http://example.com,,97,<strong>body value 1</strong>,full_html,GE,summury 1,1,example@gmail.com,GE
Content from CSV 98,Here goes link title 98,http://example.com,,98,<strong>body value 1</strong>,full_html,GE,summury 2,1,example@gmail.com,GE
Content from CSV 99,Here goes link title 99,http://example.com,,99,<strong>body value 1</strong>,full_html,GE,summury 2,1,example@gmail.com,GE
Content from CSV 100,Here goes link title 100,http://example.com,,100,<strong>body value 1</strong>,full_html,GE,summury 1,1,example@gmail.com,GE
Content from CSV 101,Here goes link title 101,http://example.com,,101,<strong>body value 1</strong>,full_html,GE,summury 2,1,example@gmail.com,GE
Content from CSV 102,Here goes link title 102,http://example.com,,102,<strong>body value 1</strong>,full_html,GE,summury 2,1,example@gmail.com,GE
Content from CSV 103,Here goes link title 103,http://example.com,,103,<strong>body value 1</strong>,full_html,GE,summury 1,1,example@gmail.com,GE
Content from CSV 104,Here goes link title 104,http://example.com,,104,<strong>body value 1</strong>,full_html,GE,summury 2,1,example@gmail.com,GE
Content from CSV 105,Here goes link title 105,http://example.com,,105,<strong>body value 1</strong>,full_html,GE,summury 2,1,example@gmail.com,GE
Content from CSV 106,Here goes link title 106,http://example.com,,106,<strong>body value 1</strong>,full_html,GE,summury 1,1,example@gmail.com,GE
Content from CSV 107,Here goes link title 107,http://example.com,,107,<strong>body value 1</strong>,full_html,GE,summury 2,1,example@gmail.com,GE
Content from CSV 108,Here goes link title 108,http://example.com,,108,<strong>body value 1</strong>,full_html,GE,summury 2,1,example@gmail.com,GE
Content from CSV 109,Here goes link title 109,http://example.com,,109,<strong>body value 1</strong>,full_html,GE,summury 1,1,example@gmail.com,GE
Content from CSV 110,Here goes link title 110,http://example.com,,110,<strong>body value 1</strong>,full_html,GE,summury 2,1,example@gmail.com,GE
Content from CSV 111,Here goes link title 111,http://example.com,,111,<strong>body value 1</strong>,full_html,GE,summury 2,1,example@gmail.com,GE
Content from CSV 112,Here goes link title 112,http://example.com,,112,<strong>body value 1</strong>,full_html,GE,summury 1,1,example@gmail.com,GE
Content from CSV 113,Here goes link title 113,http://example.com,,113,<strong>body value 1</strong>,full_html,GE,summury 2,1,example@gmail.com,GE
Content from CSV 114,Here goes link title 114,http://example.com,,114,<strong>body value 1</strong>,full_html,GE,summury 2,1,example@gmail.com,GE
Content from CSV 115,Here goes link title 115,http://example.com,,115,<strong>body value 1</strong>,full_html,GE,summury 1,1,example@gmail.com,GE
Content from CSV 116,Here goes link title 116,http://example.com,,116,<strong>body value 1</strong>,full_html,GE,summury 2,1,example@gmail.com,GE
Content from CSV 117,Here goes link title 117,http://example.com,,117,<strong>body value 1</strong>,full_html,GE,summury 2,1,example@gmail.com,GE
Content from CSV 118,Here goes link title 118,http://example.com,,118,<strong>body value 1</strong>,full_html,GE,summury 1,1,example@gmail.com,GE
Content from CSV 119,Here goes link title 119,http://example.com,,119,<strong>body value 1</strong>,full_html,GE,summury 2,1,example@gmail.com,GE
Content from CSV 120,Here goes link title 120,http://example.com,,120,<strong>body value 1</strong>,full_html,GE,summury 2,1,example@gmail.com,GE
Content from CSV 121,Here goes link title 121,http://example.com,,121,<strong>body value 1</strong>,full_html,GE,summury 1,1,example@gmail.com,GE
Content from CSV 122,Here goes link title 122,http://example.com,,122,<strong>body value 1</strong>,full_html,GE,summury 2,1,example@gmail.com,GE
Content from CSV 123,Here goes link title 123,http://example.com,,123,<strong>body value 1</strong>,full_html,GE,summury 2,1,example@gmail.com,GE
Content from CSV 124,Here goes link title 124,http://example.com,,124,<strong>body value 1</strong>,full_html,GE,summury 1,1,example@gmail.com,GE
Content from CSV 125,Here goes link title 125,http://example.com,,125,<strong>body value 1</strong>,full_html,GE,summury 2,1,example@gmail.com,GE
Content from CSV 126,Here goes link title 126,http://example.com,,126,<strong>body value 1</strong>,full_html,GE,summury 2,1,example@gmail.com,GE
Content from CSV 127,Here goes link title 127,http://example.com,,127,<strong>body value 1</strong>,full_html,GE,summury 1,1,example@gmail.com,GE
Content from CSV 128,Here goes link title 128,http://example.com,,128,<strong>body value 1</strong>,full_html,GE,summury 2,1,example@gmail.com,GE
Content from CSV 129,Here goes link title 129,http://example.com,,129,<strong>body value 1</strong>,full_html,GE,summury 2,1,example@gmail.com,GE
Content from CSV 130,Here goes link title 130,http://example.com,,130,<strong>body value 1</strong>,full_html,GE,summury 1,1,example@gmail.com,GE
Content from CSV 131,Here goes link title 131,http://example.com,,131,<strong>body value 1</strong>,full_html,GE,summury 2,1,example@gmail.com,GE
Content from CSV 132,Here goes link title 132,http://example.com,,132,<strong>body value 1</strong>,full_html,GE,summury 2,1,example@gmail.com,GE
Content from CSV 133,Here goes link title 133,http://example.com,,133,<strong>body value 1</strong>,full_html,GE,summury 1,1,example@gmail.com,GE
Content from CSV 134,Here goes link title 134,http://example.com,,134,<strong>body value 1</strong>,full_html,GE,summury 2,1,example@gmail.com,GE
Content from CSV 135,Here goes link title 135,http://example.com,,135,<strong>body value 1</strong>,full_html,GE,summury 2,1,example@gmail.com,GE
Content from CSV 136,Here goes link title 136,http://example.com,,136,<strong>body value 1</strong>,full_html,GE,summury 1,1,example@gmail.com,GE
Content from CSV 137,Here goes link title 137,http://example.com,,137,<strong>body value 1</strong>,full_html,GE,summury 2,1,example@gmail.com,GE
Content from CSV 138,Here goes link title 138,http://example.com,,138,<strong>body value 1</strong>,full_html,GE,summury 2,1,example@gmail.com,GE
Content from CSV 139,Here goes link title 139,http://example.com,,139,<strong>body value 1</strong>,full_html,GE,summury 1,1,example@gmail.com,GE
Content from CSV 140,Here goes link title 140,http://example.com,,140,<strong>body value 1</strong>,full_html,GE,summury 2,1,example@gmail.com,GE
Content from CSV 141,Here goes link title 141,http://example.com,,141,<strong>body value 1</strong>,full_html,GE,summury 2,1,example@gmail.com,GE
Content from CSV 142,Here goes link title 142,http://example.com,,142,<strong>body value 1</strong>,full_html,GE,summury 1,1,example@gmail.com,GE
Content from CSV 143,Here goes link title 143,http://example.com,,143,<strong>body value 1</strong>,full_html,GE,summury 2,1,example@gmail.com,GE
Content from CSV 144,Here goes link title 144,http://example.com,,144,<strong>body value 1</strong>,full_html,GE,summury 2,1,example@gmail.com,GE
Content from CSV 145,Here goes link title 145,http://example.com,,145,<strong>body value 1</strong>,full_html,GE,summury 1,1,example@gmail.com,GE
Content from CSV 146,Here goes link title 146,http://example.com,,146,<strong>body value 1</strong>,full_html,GE,summury 2,1,example@gmail.com,GE
Content from CSV 147,Here goes link title 147,http://example.com,,147,<strong>body value 1</strong>,full_html,GE,summury 2,1,example@gmail.com,GE
Content from CSV 148,Here goes link title 148,http://example.com,,148,<strong>body value 1</strong>,full_html,GE,summury 1,1,example@gmail.com,GE
Content from CSV 149,Here goes link title 149,http://example.com,,149,<strong>body value 1</strong>,full_html,GE,summury 2,1,example@gmail.com,GE
Content from CSV 150,Here goes link title 150,http://example.com,,150,<strong>body value 1</strong>,full_html,GE,summury 2,1,example@gmail.com,GE
Content from CSV 151,Here goes link title 151,http://example.com,,151,<strong>body value 1</strong>,full_html,GE,summury 1,1,example@gmail.com,GE
Content from CSV 152,Here goes link title 152,http://example.com,,152,<strong>body value 1</strong>,full_html,GE,summury 2,1,example@gmail.com,GE
Content from CSV 153,Here goes link title 153,http://example.com,,153,<strong>body value 1</strong>,full_html,GE,summury 2,1,example@gmail.com,GE
Content from CSV 154,Here goes link title 154,http://example.com,,154,<strong>body value 1</strong>,full_html,GE,summury 1,1,example@gmail.com,GE
Content from CSV 155,Here goes link title 155,http://example.com,,155,<strong>body value 1</strong>,full_html,GE,summury 2,1,example@gmail.com,GE
Content from CSV 156,Here goes link title 156,http://example.com,,156,<strong>body value 1</strong>,full_html,GE,summury 2,1,example@gmail.com,GE
Content from CSV 157,Here goes link title 157,http://example.com,,157,<strong>body value 1</strong>,full_html,GE,summury 1,1,example@gmail.com,GE
Content from CSV 158,Here goes link title 158,http://example.com,,158,<strong>body value 1</strong>,full_html,GE,summury 2,1,example@gmail.com,GE
Content from CSV 159,Here goes link title 159,http://example.com,,159,<strong>body value 1</strong>,full_html,GE,summury 2,1,example@gmail.com,GE
Content from CSV 160,Here goes link title 160,http://example.com,,160,<strong>body value 1</strong>,full_html,GE,summury 1,1,example@gmail.com,GE
Content from CSV 161,Here goes link title 161,http://example.com,,161,<strong>body value 1</strong>,full_html,GE,summury 2,1,example@gmail.com,GE
Content from CSV 162,Here goes link title 162,http://example.com,,162,<strong>body value 1</strong>,full_html,GE,summury 2,1,example@gmail.com,GE
Content from CSV 163,Here goes link title 163,http://example.com,,163,<strong>body value 1</strong>,full_html,GE,summury 1,1,example@gmail.com,GE
Content from CSV 164,Here goes link title 164,http://example.com,,164,<strong>body value 1</strong>,full_html,GE,summury 2,1,example@gmail.com,GE
Content from CSV 165,Here goes link title 165,http://example.com,,165,<strong>body value 1</strong>,full_html,GE,summury 2,1,example@gmail.com,GE
Content from CSV 166,Here goes link title 166,http://example.com,,166,<strong>body value 1</strong>,full_html,GE,summury 1,1,example@gmail.com,GE
Content from CSV 167,Here goes link title 167,http://example.com,,167,<strong>body value 1</strong>,full_html,GE,summury 2,1,example@gmail.com,GE
Content from CSV 168,Here goes link title 168,http://example.com,,168,<strong>body value 1</strong>,full_html,GE,summury 2,1,example@gmail.com,GE
Content from CSV 169,Here goes link title 169,http://example.com,,169,<strong>body value 1</strong>,full_html,GE,summury 1,1,example@gmail.com,GE
Content from CSV 170,Here goes link title 170,http://example.com,,170,<strong>body value 1</strong>,full_html,GE,summury 2,1,example@gmail.com,GE
Content from CSV 171,Here goes link title 171,http://example.com,,171,<strong>body value 1</strong>,full_html,GE,summury 2,1,example@gmail.com,GE
Content from CSV 172,Here goes link title 172,http://example.com,,172,<strong>body value 1</strong>,full_html,GE,summury 1,1,example@gmail.com,GE
Content from CSV 173,Here goes link title 173,http://example.com,,173,<strong>body value 1</strong>,full_html,GE,summury 2,1,example@gmail.com,GE
Content from CSV 174,Here goes link title 174,http://example.com,,174,<strong>body value 1</strong>,full_html,GE,summury 2,1,example@gmail.com,GE
Content from CSV 175,Here goes link title 175,http://example.com,,175,<strong>body value 1</strong>,full_html,GE,summury 1,1,example@gmail.com,GE
Content from CSV 176,Here goes link title 176,http://example.com,,176,<strong>body value 1</strong>,full_html,GE,summury 2,1,example@gmail.com,GE
Content from CSV 177,Here goes link title 177,http://example.com,,177,<strong>body value 1</strong>,full_html,GE,summury 2,1,example@gmail.com,GE
Content from CSV 178,Here goes link title 178,http://example.com,,178,<strong>body value 1</strong>,full_html,GE,summury 1,1,example@gmail.com,GE
Content from CSV 179,Here goes link title 179,http://example.com,,179,<strong>body value 1</strong>,full_html,GE,summury 2,1,example@gmail.com,GE
Content from CSV 180,Here goes link title 180,http://example.com,,180,<strong>body value 1</strong>,full_html,GE,summury 2,1,example@gmail.com,GE
Content from CSV 181,Here goes link title 181,http://example.com,,181,<strong>body value 1</strong>,full_html,GE,summury 1,1,example@gmail.com,GE
Content from CSV 182,Here goes link title 182,http://example.com,,182,<strong>body value 1</strong>,full_html,GE,summury 2,1,example@gmail.com,GE
Content from CSV 183,Here goes link title 183,http://example.com,,183,<strong>body value 1</strong>,full_html,GE,summury 2,1,example@gmail.com,GE
Content from CSV 184,Here goes link title 184,http://example.com,,184,<strong>body value 1</strong>,full_html,GE,summury 1,1,example@gmail.com,GE
Content from CSV 185,Here goes link title 185,http://example.com,,185,<strong>body value 1</strong>,full_html,GE,summury 2,1,example@gmail.com,GE
Content from CSV 186,Here goes link title 186,http://example.com,,186,<strong>body value 1</strong>,full_html,GE,summury 2,1,example@gmail.com,GE
Content from CSV 187,Here goes link title 187,http://example.com,,187,<strong>body value 1</strong>,full_html,GE,summury 1,1,example@gmail.com,GE
Content from CSV 188,Here goes link title 188,http://example.com,,188,<strong>body value 1</strong>,full_html,GE,summury 2,1,example@gmail.com,GE
Content from CSV 189,Here goes link title 189,http://example.com,,189,<strong>body value 1</strong>,full_html,GE,summury 2,1,example@gmail.com,GE
Content from CSV 190,Here goes link title 190,http://example.com,,190,<strong>body value 1</strong>,full_html,GE,summury 1,1,example@gmail.com,GE
Content from CSV 191,Here goes link title 191,http://example.com,,191,<strong>body value 1</strong>,full_html,GE,summury 2,1,example@gmail.com,GE
Content from CSV 192,Here goes link title 192,http://example.com,,192,<strong>body value 1</strong>,full_html,GE,summury 2,1,example@gmail.com,GE
Content from CSV 193,Here goes link title 193,http://example.com,,193,<strong>body value 1</strong>,full_html,GE,summury 1,1,example@gmail.com,GE
Content from CSV 194,Here goes link title 194,http://example.com,,194,<strong>body value 1</strong>,full_html,GE,summury 2,1,example@gmail.com,GE
Content from CSV 195,Here goes link title 195,http://example.com,,195,<strong>body value 1</strong>,full_html,GE,summury 2,1,example@gmail.com,GE
Content from CSV 196,Here goes link title 196,http://example.com,,196,<strong>body value 1</strong>,full_html,GE,summury 1,1,example@gmail.com,GE
Content from CSV 197,Here goes link title 197,http://example.com,,197,<strong>body value 1</strong>,full_html,GE,summury 2,1,example@gmail.com,GE
Content from CSV 198,Here goes link title 198,http://example.com,,198,<strong>body value 1</strong>,full_html,GE,summury 2,1,example@gmail.com,GE
Content from CSV 199,Here goes link title 199,http://example.com,,199,<strong>body value 1</strong>,full_html,GE,summury 1,1,example@gmail.com,GE
Content from CSV 200,Here goes link title 200,http://example.com,,200,<strong>body value 1</strong>,full_html,GE,summury 2,1,example@gmail.com,GE
Content from CSV 201,Here goes link title 201,http://example.com,,201,<strong>body value 1</strong>,full_html,GE,summury 2,1,example@gmail.com,GE
Content from CSV 202,Here goes link title 202,http://example.com,,202,<strong>body value 1</strong>,full_html,GE,summury 1,1,example@gmail.com,GE
Content from CSV 203,Here goes link title 203,http://example.com,,203,<strong>body value 1</strong>,full_html,GE,summury 2,1,example@gmail.com,GE
Content from CSV 204,Here goes link title 204,http://example.com,,204,<strong>body value 1</strong>,full_html,GE,summury 2,1,example@gmail.com,GE
Content from CSV 205,Here goes link title 205,http://example.com,,205,<strong>body value 1</strong>,full_html,GE,summury 1,1,example@gmail.com,GE
Content from CSV 206,Here goes link title 206,http://example.com,,206,<strong>body value 1</strong>,full_html,GE,summury 2,1,example@gmail.com,GE
Content from CSV 207,Here goes link title 207,http://example.com,,207,<strong>body value 1</strong>,full_html,GE,summury 2,1,example@gmail.com,GE
Content from CSV 208,Here goes link title 208,http://example.com,,208,<strong>body value 1</strong>,full_html,GE,summury 1,1,example@gmail.com,GE
Content from CSV 209,Here goes link title 209,http://example.com,,209,<strong>body value 1</strong>,full_html,GE,summury 2,1,example@gmail.com,GE
Content from CSV 210,Here goes link title 210,http://example.com,,210,<strong>body value 1</strong>,full_html,GE,summury 2,1,example@gmail.com,GE
Content from CSV 211,Here goes link title 211,http://example.com,,211,<strong>body value 1</strong>,full_html,GE,summury 1,1,example@gmail.com,GE
Content from CSV 212,Here goes link title 212,http://example.com,,212,<strong>body value 1</strong>,full_html,GE,summury 2,1,example@gmail.com,GE
Content from CSV 213,Here goes link title 213,http://example.com,,213,<strong>body value 1</strong>,full_html,GE,summury 2,1,example@gmail.com,GE
Content from CSV 214,Here goes link title 214,http://example.com,,214,<strong>body value 1</strong>,full_html,GE,summury 1,1,example@gmail.com,GE
Content from CSV 215,Here goes link title 215,http://example.com,,215,<strong>body value 1</strong>,full_html,GE,summury 2,1,example@gmail.com,GE
Content from CSV 216,Here goes link title 216,http://example.com,,216,<strong>body value 1</strong>,full_html,GE,summury 2,1,example@gmail.com,GE
Content from CSV 217,Here goes link title 217,http://example.com,,217,<strong>body value 1</strong>,full_html,GE,summury 1,1,example@gmail.com,GE
Content from CSV 218,Here goes link title 218,http://example.com,,218,<strong>body value 1</strong>,full_html,GE,summury 2,1,example@gmail.com,GE
Content from CSV 219,Here goes link title 219,http://example.com,,219,<strong>body value 1</strong>,full_html,GE,summury 2,1,example@gmail.com,GE
Content from CSV 220,Here goes link title 220,http://example.com,,220,<strong>body value 1</strong>,full_html,GE,summury 1,1,example@gmail.com,GE
Content from CSV 221,Here goes link title 221,http://example.com,,221,<strong>body value 1</strong>,full_html,GE,summury 2,1,example@gmail.com,GE
Content from CSV 222,Here goes link title 222,http://example.com,,222,<strong>body value 1</strong>,full_html,GE,summury 2,1,example@gmail.com,GE
Content from CSV 223,Here goes link title 223,http://example.com,,223,<strong>body value 1</strong>,full_html,GE,summury 1,1,example@gmail.com,GE
Content from CSV 224,Here goes link title 224,http://example.com,,224,<strong>body value 1</strong>,full_html,GE,summury 2,1,example@gmail.com,GE
Content from CSV 225,Here goes link title 225,http://example.com,,225,<strong>body value 1</strong>,full_html,GE,summury 2,1,example@gmail.com,GE
Content from CSV 226,Here goes link title 226,http://example.com,,226,<strong>body value 1</strong>,full_html,GE,summury 1,1,example@gmail.com,GE
Content from CSV 227,Here goes link title 227,http://example.com,,227,<strong>body value 1</strong>,full_html,GE,summury 2,1,example@gmail.com,GE
Content from CSV 228,Here goes link title 228,http://example.com,,228,<strong>body value 1</strong>,full_html,GE,summury 2,1,example@gmail.com,GE
Content from CSV 229,Here goes link title 229,http://example.com,,229,<strong>body value 1</strong>,full_html,GE,summury 1,1,example@gmail.com,GE
Content from CSV 230,Here goes link title 230,http://example.com,,230,<strong>body value 1</strong>,full_html,GE,summury 2,1,example@gmail.com,GE
Content from CSV 231,Here goes link title 231,http://example.com,,231,<strong>body value 1</strong>,full_html,GE,summury 2,1,example@gmail.com,GE
Content from CSV 232,Here goes link title 232,http://example.com,,232,<strong>body value 1</strong>,full_html,GE,summury 1,1,example@gmail.com,GE
Content from CSV 233,Here goes link title 233,http://example.com,,233,<strong>body value 1</strong>,full_html,GE,summury 2,1,example@gmail.com,GE
Content from CSV 234,Here goes link title 234,http://example.com,,234,<strong>body value 1</strong>,full_html,GE,summury 2,1,example@gmail.com,GE
Content from CSV 235,Here goes link title 235,http://example.com,,235,<strong>body value 1</strong>,full_html,GE,summury 1,1,example@gmail.com,GE
Content from CSV 236,Here goes link title 236,http://example.com,,236,<strong>body value 1</strong>,full_html,GE,summury 2,1,example@gmail.com,GE
Content from CSV 237,Here goes link title 237,http://example.com,,237,<strong>body value 1</strong>,full_html,GE,summury 2,1,example@gmail.com,GE
Content from CSV 238,Here goes link title 238,http://example.com,,238,<strong>body value 1</strong>,full_html,GE,summury 1,1,example@gmail.com,GE
Content from CSV 239,Here goes link title 239,http://example.com,,239,<strong>body value 1</strong>,full_html,GE,summury 2,1,example@gmail.com,GE
Content from CSV 240,Here goes link title 240,http://example.com,,240,<strong>body value 1</strong>,full_html,GE,summury 2,1,example@gmail.com,GE
Content from CSV 241,Here goes link title 241,http://example.com,,241,<strong>body value 1</strong>,full_html,GE,summury 1,1,example@gmail.com,GE
Content from CSV 242,Here goes link title 242,http://example.com,,242,<strong>body value 1</strong>,full_html,GE,summury 2,1,example@gmail.com,GE
Content from CSV 243,Here goes link title 243,http://example.com,,243,<strong>body value 1</strong>,full_html,GE,summury 2,1,example@gmail.com,GE
Content from CSV 244,Here goes link title 244,http://example.com,,244,<strong>body value 1</strong>,full_html,GE,summury 1,1,example@gmail.com,GE
Content from CSV 245,Here goes link title 245,http://example.com,,245,<strong>body value 1</strong>,full_html,GE,summury 2,1,example@gmail.com,GE
Content from CSV 246,Here goes link title 246,http://example.com,,246,<strong>body value 1</strong>,full_html,GE,summury 2,1,example@gmail.com,GE
Content from CSV 247,Here goes link title 247,http://example.com,,247,<strong>body value 1</strong>,full_html,GE,summury 1,1,example@gmail.com,GE
Content from CSV 248,Here goes link title 248,http://example.com,,248,<strong>body value 1</strong>,full_html,GE,summury 2,1,example@gmail.com,GE
Content from CSV 249,Here goes link title 249,http://example.com,,249,<strong>body value 1</strong>,full_html,GE,summury 2,1,example@gmail.com,GE
Content from CSV 250,Here goes link title 250,http://example.com,,250,<strong>body value 1</strong>,full_html,GE,summury 1,1,example@gmail.com,GE
Content from CSV 251,Here goes link title 251,http://example.com,,251,<strong>body value 1</strong>,full_html,GE,summury 2,1,example@gmail.com,GE
Content from CSV 252,Here goes link title 252,http://example.com,,252,<strong>body value 1</strong>,full_html,GE,summury 2,1,example@gmail.com,GE
Content from CSV 253,Here goes link title 253,http://example.com,,253,<strong>body value 1</strong>,full_html,GE,summury 1,1,example@gmail.com,GE
Content from CSV 254,Here goes link title 254,http://example.com,,254,<strong>body value 1</strong>,full_html,GE,summury 2,1,example@gmail.com,GE
Content from CSV 255,Here goes link title 255,http://example.com,,255,<strong>body value 1</strong>,full_html,GE,summury 2,1,example@gmail.com,GE
Content from CSV 256,Here goes link title 256,http://example.com,,256,<strong>body value 1</strong>,full_html,GE,summury 1,1,example@gmail.com,GE
Content from CSV 257,Here goes link title 257,http://example.com,,257,<strong>body value 1</strong>,full_html,GE,summury 2,1,example@gmail.com,GE
Content from CSV 258,Here goes link title 258,http://example.com,,258,<strong>body value 1</strong>,full_html,GE,summury 2,1,example@gmail.com,GE
Content from CSV 259,Here goes link title 259,http://example.com,,259,<strong>body value 1</strong>,full_html,GE,summury 1,1,example@gmail.com,GE
Content from CSV 260,Here goes link title 260,http://example.com,,260,<strong>body value 1</strong>,full_html,GE,summury 2,1,example@gmail.com,GE
Content from CSV 261,Here goes link title 261,http://example.com,,261,<strong>body value 1</strong>,full_html,GE,summury 2,1,example@gmail.com,GE
Content from CSV 262,Here goes link title 262,http://example.com,,262,<strong>body value 1</strong>,full_html,GE,summury 1,1,example@gmail.com,GE
Content from CSV 263,Here goes link title 263,http://example.com,,263,<strong>body value 1</strong>,full_html,GE,summury 2,1,example@gmail.com,GE
Content from CSV 264,Here goes link title 264,http://example.com,,264,<strong>body value 1</strong>,full_html,GE,summury 2,1,example@gmail.com,GE
Content from CSV 265,Here goes link title 265,http://example.com,,265,<strong>body value 1</strong>,full_html,GE,summury 1,1,example@gmail.com,GE
Content from CSV 266,Here goes link title 266,http://example.com,,266,<strong>body value 1</strong>,full_html,GE,summury 2,1,example@gmail.com,GE
Content from CSV 267,Here goes link title 267,http://example.com,,267,<strong>body value 1</strong>,full_html,GE,summury 2,1,example@gmail.com,GE
Content from CSV 268,Here goes link title 268,http://example.com,,268,<strong>body value 1</strong>,full_html,GE,summury 1,1,example@gmail.com,GE
Content from CSV 269,Here goes link title 269,http://example.com,,269,<strong>body value 1</strong>,full_html,GE,summury 2,1,example@gmail.com,GE
Content from CSV 270,Here goes link title 270,http://example.com,,270,<strong>body value 1</strong>,full_html,GE,summury 2,1,example@gmail.com,GE
Content from CSV 271,Here goes link title 271,http://example.com,,271,<strong>body value 1</strong>,full_html,GE,summury 1,1,example@gmail.com,GE
Content from CSV 272,Here goes link title 272,http://example.com,,272,<strong>body value 1</strong>,full_html,GE,summury 2,1,example@gmail.com,GE
Content from CSV 273,Here goes link title 273,http://example.com,,273,<strong>body value 1</strong>,full_html,GE,summury 2,1,example@gmail.com,GE
Content from CSV 274,Here goes link title 274,http://example.com,,274,<strong>body value 1</strong>,full_html,GE,summury 1,1,example@gmail.com,GE
Content from CSV 275,Here goes link title 275,http://example.com,,275,<strong>body value 1</strong>,full_html,GE,summury 2,1,example@gmail.com,GE
Content from CSV 276,Here goes link title 276,http://example.com,,276,<strong>body value 1</strong>,full_html,GE,summury 2,1,example@gmail.com,GE
Content from CSV 277,Here goes link title 277,http://example.com,,277,<strong>body value 1</strong>,full_html,GE,summury 1,1,example@gmail.com,GE
Content from CSV 278,Here goes link title 278,http://example.com,,278,<strong>body value 1</strong>,full_html,GE,summury 2,1,example@gmail.com,GE
Content from CSV 279,Here goes link title 279,http://example.com,,279,<strong>body value 1</strong>,full_html,GE,summury 2,1,example@gmail.com,GE
Content from CSV 280,Here goes link title 280,http://example.com,,280,<strong>body value 1</strong>,full_html,GE,summury 1,1,example@gmail.com,GE
Content from CSV 281,Here goes link title 281,http://example.com,,281,<strong>body value 1</strong>,full_html,GE,summury 2,1,example@gmail.com,GE
Content from CSV 282,Here goes link title 282,http://example.com,,282,<strong>body value 1</strong>,full_html,GE,summury 2,1,example@gmail.com,GE
Content from CSV 283,Here goes link title 283,http://example.com,,283,<strong>body value 1</strong>,full_html,GE,summury 1,1,example@gmail.com,GE
Content from CSV 284,Here goes link title 284,http://example.com,,284,<strong>body value 1</strong>,full_html,GE,summury 2,1,example@gmail.com,GE
Content from CSV 285,Here goes link title 285,http://example.com,,285,<strong>body value 1</strong>,full_html,GE,summury 2,1,example@gmail.com,GE
Content from CSV 286,Here goes link title 286,http://example.com,,286,<strong>body value 1</strong>,full_html,GE,summury 1,1,example@gmail.com,GE
Content from CSV 287,Here goes link title 287,http://example.com,,287,<strong>body value 1</strong>,full_html,GE,summury 2,1,example@gmail.com,GE
Content from CSV 288,Here goes link title 288,http://example.com,,288,<strong>body value 1</strong>,full_html,GE,summury 2,1,example@gmail.com,GE
Content from CSV 289,Here goes link title 289,http://example.com,,289,<strong>body value 1</strong>,full_html,GE,summury 1,1,example@gmail.com,GE
Content from CSV 290,Here goes link title 290,http://example.com,,290,<strong>body value 1</strong>,full_html,GE,summury 2,1,example@gmail.com,GE
Content from CSV 291,Here goes link title 291,http://example.com,,291,<strong>body value 1</strong>,full_html,GE,summury 2,1,example@gmail.com,GE
Content from CSV 292,Here goes link title 292,http://example.com,,292,<strong>body value 1</strong>,full_html,GE,summury 1,1,example@gmail.com,GE
Content from CSV 293,Here goes link title 293,http://example.com,,293,<strong>body value 1</strong>,full_html,GE,summury 2,1,example@gmail.com,GE
Content from CSV 294,Here goes link title 294,http://example.com,,294,<strong>body value 1</strong>,full_html,GE,summury 2,1,example@gmail.com,GE
Content from CSV 295,Here goes link title 295,http://example.com,,295,<strong>body value 1</strong>,full_html,GE,summury 1,1,example@gmail.com,GE
Content from CSV 296,Here goes link title 296,http://example.com,,296,<strong>body value 1</strong>,full_html,GE,summury 2,1,example@gmail.com,GE
Content from CSV 297,Here goes link title 297,http://example.com,,297,<strong>body value 1</strong>,full_html,GE,summury 2,1,example@gmail.com,GE
Content from CSV 298,Here goes link title 298,http://example.com,,298,<strong>body value 1</strong>,full_html,GE,summury 1,1,example@gmail.com,GE
Content from CSV 299,Here goes link title 299,http://example.com,,299,<strong>body value 1</strong>,full_html,GE,summury 2,1,example@gmail.com,GE